ospCType,pos1,pos2,pos3,pos4,pos5,pos6,pos7,pos8,pos9,pos10,pos11,pos12,pos13,pos14,pos15,pos16,pos17,pos18,pos19,pos20,pos21,pos22,pos23,pos24,pos25,pos26,pos27,pos28,pos29,pos30,pos31,pos32,pos33,pos34,pos35,pos36,pos37,pos38,pos39,pos40,pos41,pos42,pos43,pos44,pos45,pos46,pos47,pos48,pos49,pos50,pos51,pos52,pos53,pos54,pos55,pos56,pos57,pos58,pos59,pos60,pos61,pos62,pos63,pos64,pos65,pos66,pos67,pos68,pos69,pos70,pos71,pos72,pos73,pos74,pos75,pos76,pos77,pos78,pos79,pos80,pos81,pos82,pos83,pos84,pos85,pos86,pos87,pos88,pos89,pos90,pos91,pos92,pos93,pos94,pos95,pos96,pos97,pos98,pos99,pos100,pos101,pos102,pos103,pos104,pos105,pos106,pos107,pos108,pos109,pos110,pos111,pos112,pos113,pos114,pos115,pos116
A,S,T,D,V,L,L,V,E,A,L,S,D,E,I,A,A,K,K,H,Q,N,N,G,D,T,E,N,N,H,G,S,L,A,Y,A,S,T,L,I,K,Q,K,L,D,G,L,K,N,-,-,-,-,E,G,K,E,K,I,D,A,A,K,S,E,T,T,N,K,E,K,H,T,D,L,K,E,-,-,G,V,T,D,A,D,K,E,K,T,N,-,G,T,K,T,A,E,G,K,F,E,S,V,E,V,S,A,K,E,M,A,N,S,K,V,A,S
A3,S,T,E,V,V,L,V,E,T,L,A,D,E,L,A,-,Q,K,G,A,N,-,G,T,A,Q,A,A,Q,G,S,L,A,Y,A,S,S,L,I,T,E,K,L,N,K,F,K,D,-,-,-,L,E,G,K,E,K,I,N,D,A,K,S,E,A,T,N,K,G,E,Q,A,T,L,Q,Q,-,-,N,A,S,D,D,D,K,K,K,T,H,-,G,T,P,D,A,K,K,D,S,E,S,V,A,G,L,V,K,E,M,A,N,S,K,V,A,T
B,S,T,D,V,L,L,V,E,A,L,S,D,E,L,A,-,K,K,K,N,D,G,S,D,N,E,A,N,R,E,S,L,A,Y,T,S,T,L,I,T,Q,K,L,S,K,L,N,G,-,-,-,S,E,G,K,E,K,I,A,A,A,K,S,E,E,S,T,K,D,N,H,A,Q,L,I,Q,-,-,G,V,T,D,E,N,K,K,K,A,N,A,A,G,K,D,V,E,E,K,S,G,S,L,E,S,S,A,K,E,M,A,N,S,K,V,V,S
C,S,T,E,V,V,L,V,E,T,L,A,D,E,L,A,-,K,K,K,N,D,V,S,D,N,E,A,D,N,G,S,I,A,Y,T,S,T,L,I,T,Q,K,L,S,K,L,N,G,-,-,-,S,E,G,K,E,K,I,A,E,A,K,S,E,E,T,K,K,E,K,H,T,D,L,K,K,-,-,D,A,T,D,V,H,K,E,K,T,N,-,G,T,K,D,A,A,E,K,F,E,S,V,E,N,A,A,K,E,M,S,N,S,K,V,A,S
C3,S,A,E,V,V,L,V,E,T,I,S,D,E,I,A,A,K,K,K,N,D,G,S,D,N,D,A,N,H,G,S,L,A,Y,A,S,T,L,I,T,Q,K,L,G,G,L,K,N,-,-,-,S,E,E,K,E,K,I,E,E,A,K,N,K,A,T,E,K,S,S,H,A,E,L,K,Q,-,-,D,A,Q,D,D,D,K,K,R,T,H,-,N,T,K,D,A,E,D,K,F,K,A,V,E,N,S,A,K,E,M,S,N,S,K,V,A,T
D,S,T,D,V,L,L,V,E,V,L,S,D,E,L,A,K,K,K,D,Q,N,N,A,G,T,L,N,N,H,G,S,L,A,Y,A,S,A,L,I,T,E,K,L,S,S,I,K,D,-,-,-,S,G,E,K,A,E,I,E,K,A,K,S,E,S,T,K,S,D,N,Q,A,E,L,I,E,-,-,N,A,T,D,D,N,K,K,K,T,H,-,N,A,K,D,A,E,V,K,S,E,S,V,A,G,L,A,Q,A,I,A,N,S,K,V,A,S
D3,P,T,D,I,V,M,V,E,T,L,T,D,E,L,A,-,K,K,N,N,N,-,G,D,A,L,Q,N,F,A,S,L,G,H,T,S,K,L,I,T,E,K,L,S,K,L,N,G,-,-,-,S,E,G,K,E,K,I,E,D,A,K,S,D,D,T,K,Q,S,S,H,A,V,L,V,A,G,G,A,T,T,D,E,E,K,K,R,T,N,-,S,V,K,D,A,E,G,K,F,E,S,V,E,S,S,A,K,D,K,N,N,S,K,V,A,T
E,S,T,E,V,V,L,V,E,T,L,A,D,E,L,A,T,K,K,G,N,N,-,G,E,A,N,Q,S,K,T,S,L,S,Y,A,S,D,L,I,A,E,K,L,N,V,L,K,N,-,-,-,-,E,E,K,E,K,I,D,T,A,Q,S,T,E,T,N,K,S,E,H,A,V,L,L,D,-,-,N,L,T,D,D,N,Q,R,K,K,H,-,A,N,K,D,A,A,E,K,F,K,A,V,E,N,S,A,Q,D,T,K,N,A,K,I,A,S
E3,S,T,D,V,V,L,I,E,T,L,S,D,E,L,A,T,K,K,Q,Q,N,S,G,G,V,E,A,N,R,E,S,L,A,C,V,S,T,L,I,T,E,K,L,S,K,L,S,G,-,-,-,S,E,G,K,E,K,I,E,A,A,N,S,E,Q,T,K,K,D,S,H,G,E,L,V,Q,-,-,N,V,T,D,D,N,K,K,K,T,N,-,N,D,K,T,A,D,E,K,F,K,A,V,E,V,S,A,K,E,M,T,N,A,K,V,A,T
F,S,T,E,V,V,L,I,E,T,L,S,D,E,L,A,T,Q,K,D,A,N,-,G,G,V,Q,A,N,Q,G,S,L,A,Y,A,S,T,L,I,T,Q,K,L,S,A,L,N,S,-,-,-,-,E,D,K,E,K,V,A,K,V,K,S,E,D,T,N,K,N,G,N,A,Q,L,L,A,-,-,A,A,T,D,D,N,K,A,K,T,N,-,G,T,N,D,A,K,K,D,S,D,S,V,E,S,V,A,Q,V,M,T,N,S,K,V,A,S
F3,S,T,D,V,V,L,V,E,T,L,A,D,E,I,A,A,K,K,D,Q,N,N,A,G,T,L,D,N,H,G,S,L,A,Y,A,S,A,L,I,T,K,K,L,S,S,I,K,D,-,-,-,S,G,E,K,A,E,I,E,K,A,K,S,E,A,T,A,K,G,E,H,T,D,L,K,E,-,-,D,V,T,N,A,H,Q,E,K,T,N,-,G,A,N,D,A,K,K,D,S,D,S,V,E,S,V,A,K,E,M,T,N,S,K,V,A,S
G,S,A,E,V,V,L,V,A,A,L,S,D,E,L,A,-,K,K,E,Q,N,-,G,G,A,D,A,N,H,T,S,L,A,H,E,S,T,L,I,K,Q,K,L,D,G,L,K,N,-,-,-,-,E,G,N,K,E,I,E,A,A,K,S,A,A,T,K,A,D,S,N,A,D,L,V,A,A,G,N,A,T,D,D,N,K,R,K,T,H,-,G,H,E,D,G,K,K,E,S,E,A,V,K,S,L,A,Q,A,A,A,N,S,Q,V,A,T
H,S,T,E,V,V,L,V,E,T,L,A,N,Q,L,A,-,K,K,D,Q,N,G,T,G,D,D,G,G,Q,G,S,L,A,Y,A,S,T,V,I,I,E,K,L,S,T,L,K,N,-,-,-,V,E,E,K,E,K,I,T,K,A,D,S,E,K,A,G,K,N,E,H,A,S,L,K,K,-,-,D,A,T,D,D,D,K,K,K,T,H,-,G,N,T,D,A,K,K,D,S,D,S,V,E,S,V,A,K,E,M,T,N,S,K,V,A,S
H3,S,T,N,V,V,L,V,E,T,L,A,D,E,L,A,N,K,Q,T,A,N,-,G,N,A,Q,A,G,Q,G,T,L,A,Y,A,S,V,L,I,A,E,K,L,N,I,L,K,N,-,-,-,-,D,E,K,E,K,I,E,D,A,K,T,K,A,T,D,K,S,S,H,G,N,L,Q,-,-,-,A,A,D,D,D,N,K,K,K,T,N,Q,A,G,K,D,A,E,E,K,F,E,S,V,R,A,S,A,Q,D,A,T,N,A,K,V,A,S
I,S,T,E,V,V,L,V,E,T,L,T,D,E,L,A,-,K,K,K,N,D,V,S,D,N,E,A,D,H,G,S,I,S,Y,L,S,T,L,I,T,K,K,I,S,A,I,K,D,-,-,-,S,G,E,K,A,E,I,E,K,A,K,S,E,E,T,A,K,G,E,H,T,D,L,K,E,-,-,G,V,T,D,D,N,K,K,K,T,N,-,N,D,K,T,A,D,E,K,F,E,S,V,K,N,S,A,K,E,M,T,N,S,K,V,A,S
I3,S,T,E,V,V,L,I,E,T,L,S,D,E,L,A,T,Q,K,D,A,N,-,G,G,V,Q,A,D,Q,G,S,L,A,Y,A,S,T,L,I,T,Q,K,L,S,A,L,N,S,-,-,-,-,E,N,K,E,K,V,A,K,V,K,S,E,D,T,N,K,N,G,N,A,Q,L,L,A,-,-,A,A,T,D,A,D,K,E,K,T,N,-,G,T,K,T,A,E,G,K,F,E,S,V,E,V,S,A,K,E,M,A,N,S,K,V,A,S
J,S,T,E,V,V,L,I,E,T,L,A,D,E,L,A,T,K,K,D,N,N,A,G,G,A,E,V,G,Q,G,S,L,A,Y,A,S,T,V,I,I,E,K,L,S,T,L,K,N,-,-,-,V,E,E,K,E,K,I,T,K,A,D,S,E,K,T,K,K,D,S,H,A,E,L,K,K,-,-,D,A,S,D,D,D,K,K,K,T,N,-,Q,A,N,D,A,K,K,E,F,E,A,V,E,S,S,A,K,E,M,N,K,S,K,I,A,S
K,S,T,E,V,V,L,I,E,T,L,A,D,E,L,A,T,K,K,Q,Q,N,G,G,A,V,E,A,G,H,G,T,L,A,Y,T,S,K,L,I,T,Q,K,L,D,G,L,K,N,-,-,-,S,E,K,K,E,K,I,E,N,A,K,S,E,D,T,K,E,G,E,H,A,Q,L,I,E,-,-,N,V,T,D,E,N,K,K,I,T,D,-,A,A,K,D,A,A,E,K,F,K,A,V,E,N,A,A,K,E,M,A,N,S,K,I,A,S
L,S,V,D,V,V,I,V,E,T,L,V,D,E,L,A,-,K,K,E,A,G,G,T,G,S,D,G,A,H,G,S,L,A,Y,K,A,T,E,I,T,A,N,L,S,K,L,K,A,-,-,-,S,E,D,K,E,K,I,T,K,A,E,S,E,K,T,D,K,S,E,N,V,A,L,K,Q,-,-,D,A,S,D,D,D,K,K,K,T,H,-,N,D,I,T,A,K,K,E,S,E,S,V,E,T,L,A,K,E,M,A,N,S,K,V,A,T
M,S,T,E,V,V,L,V,E,T,L,A,D,E,V,A,K,N,L,A,Q,N,-,G,N,A,G,A,N,Q,G,S,L,A,Y,V,S,T,L,I,A,E,K,L,D,G,L,K,N,-,-,-,S,E,E,K,E,K,I,E,D,A,K,N,K,A,T,D,K,S,S,H,A,E,L,I,A,N,G,A,A,T,D,A,N,K,A,K,T,N,-,G,T,K,D,A,Q,E,K,F,E,S,V,K,N,S,A,Q,E,T,N,N,S,K,V,A,N
N,S,T,E,V,V,L,V,A,A,L,S,D,E,L,A,-,K,K,N,N,N,-,G,D,D,V,Q,N,F,A,S,L,A,H,T,S,K,L,V,T,E,K,L,S,K,L,K,N,-,-,-,S,E,G,K,E,K,I,E,D,A,K,S,D,D,T,K,Q,S,S,H,A,Q,L,V,A,G,G,A,T,T,D,E,E,K,K,R,T,N,-,A,I,K,D,A,D,E,K,F,K,S,V,E,S,A,A,Q,D,A,A,N,S,N,V,A,T
T,S,T,E,V,V,L,V,E,T,L,A,D,E,L,A,N,Q,K,D,Q,N,N,G,S,V,D,A,G,H,G,P,L,A,Y,A,S,A,L,I,T,E,K,L,N,G,L,T,I,-,-,-,S,E,E,K,E,K,I,E,K,A,K,S,T,G,T,N,K,S,G,H,A,E,L,P,V,G,G,N,A,T,D,E,N,K,Q,K,T,H,-,G,N,V,T,A,K,K,D,S,E,S,V,E,A,A,A,Q,A,M,T,N,S,K,V,A,T
U,S,A,E,V,V,L,V,E,A,L,A,D,E,I,G,S,K,R,Q,A,N,-,G,Q,D,L,Q,G,Q,G,S,L,A,Y,A,S,N,L,I,T,Q,K,I,N,V,L,N,G,L,K,N,S,E,E,K,E,K,I,N,E,A,G,S,E,K,T,K,S,E,S,H,A,D,I,I,Q,-,-,A,A,T,D,A,N,K,D,K,T,N,-,P,T,K,T,A,E,D,K,F,K,A,V,E,N,S,A,K,E,M,A,N,S,K,V,A,S